-- Insert data into donor table
INSERT INTO donor (id, firstname, lastname, email, phone, address, joindate, donorstatus) VALUES
    (1, 'John', 'Smith', 'jsmith@gmail.com', '610-453-5643', '128 Matthews Rd., Wayne, PA 19359', '2025-03-20 12:35:00', 'current'),
    (2, 'Jane', 'Smith', 'jasmith@gmail.com', '610-453-5643', '128 Matthews Rd., Wayne, PA 19359', '2025-03-19 13:55:00', 'current'),
    (3, 'Bob', 'Darnald', 'bdarn@gmail.com', '474-765-8703', '3487 Bayaud Av., Denver, CO 80987', '2025-01-03 09:23:00', 'current'),
    (4, 'Sally', 'Taylor', 'saltay@gmail.com', '503-765-8703', '7632 Main St., Austin, TX 65123', '2025-02-27 08:13:00', 'current'),
    (5, 'David', 'Rogers', 'drog@gmail.com', '234-234-7861', '4236 River Rd., Piscataway, NJ 07243', '2025-04-01 20:53:00', 'current'),
    (6, 'Maria', 'Garcia', 'mgarcia@gmail.com', '415-555-1234', '892 Pine St., San Francisco, CA 94102', '2025-03-25 14:22:00', 'current'),
    (7, 'James', 'Wilson', 'jwilson@gmail.com', '312-555-4567', '456 Oak Ave., Chicago, IL 60601', '2025-03-26 09:15:00', 'current'),
    (8, 'Emily', 'Brown', 'ebrown@gmail.com', '206-555-7890', '789 Maple Dr., Seattle, WA 98101', '2025-03-27 16:45:00', 'current'),
    (9, 'Michael', 'Johnson', 'mjohnson@gmail.com', '404-555-2345', '321 Peach St., Atlanta, GA 30301', '2025-03-28 11:30:00', 'current'),
    (10, 'Sarah', 'Davis', 'sdavis@gmail.com', '617-555-6789', '567 Elm St., Boston, MA 02108', '2025-03-29 13:20:00', 'current'),
    (11, 'Patricia', 'Anderson', 'panderson@gmail.com', '415-789-2345', '567 Cedar Lane, Portland, OR 97201', '2025-03-30 10:15:00', 'current'),
    (12, 'Robert', 'Martinez', 'rmartinez@gmail.com', '713-456-9012', '890 Palm Ave., Houston, TX 77002', '2025-03-31 14:40:00', 'current'),
    (13, 'Jennifer', 'Thompson', 'jthompson@gmail.com', '305-234-5678', '123 Ocean Dr., Miami, FL 33139', '2025-04-01 09:20:00', 'current'),
    (14, 'William', 'Lee', 'wlee@gmail.com', '212-345-6789', '456 Broadway, New York, NY 10013', '2025-04-02 11:30:00', 'current'),
    (15, 'Elizabeth', 'White', 'ewhite@gmail.com', '303-567-8901', '789 Mountain View, Denver, CO 80202', '2025-04-03 16:45:00', 'current'),
    (16, 'Thomas', 'Harris', 'tharris@gmail.com', '602-678-9012', '234 Desert Rd., Phoenix, AZ 85001', '2025-04-04 13:15:00', 'current'),
    (17, 'Susan', 'Clark', 'sclark@gmail.com', '615-789-0123', '567 Music Row, Nashville, TN 37203', '2025-04-05 10:20:00', 'current'),
    (18, 'Daniel', 'Walker', 'dwalker@gmail.com', '503-890-1234', '890 Forest Ave., Portland, OR 97205', '2025-04-06 15:30:00', 'current'),
    (19, 'Nancy', 'Hall', 'nhall@gmail.com', '858-901-2345', '123 Beach Blvd., San Diego, CA 92101', '2025-04-07 12:40:00', 'current'),
    (20, 'Christopher', 'Young', 'cyoung@gmail.com', '312-012-3456', '456 Lake St., Chicago, IL 60601', '2025-04-08 14:50:00', 'current'),
    (21, 'Lisa', 'King', 'lking@gmail.com', '206-123-4567', '789 Pike Place, Seattle, WA 98101', '2025-04-09 11:25:00', 'current'),
    (22, 'Kevin', 'Wright', 'kwright@gmail.com', '702-234-5678', '234 Casino Way, Las Vegas, NV 89101', '2025-04-10 16:35:00', 'current'),
    (23, 'Margaret', 'Lopez', 'mlopez@gmail.com', '512-345-6789', '567 River Walk, Austin, TX 78701', '2025-04-11 09:45:00', 'current'),
    (24, 'George', 'Hill', 'ghill@gmail.com', '617-456-7890', '890 Freedom Trail, Boston, MA 02108', '2025-04-12 13:55:00', 'current'),
    (25, 'Sandra', 'Scott', 'sscott@gmail.com', '404-567-8901', '123 Peachtree St., Atlanta, GA 30303', '2025-04-13 10:15:00', 'current'),
    (26, 'Joseph', 'Green', 'jgreen@gmail.com', '215-678-9012', '456 Liberty Pl., Philadelphia, PA 19102', '2025-04-14 15:25:00', 'current'),
    (27, 'Michelle', 'Adams', 'madams@gmail.com', '504-789-0123', '789 Bourbon St., New Orleans, LA 70130', '2025-04-15 12:35:00', 'current'),
    (28, 'Edward', 'Baker', 'ebaker@gmail.com', '415-890-1234', '234 Market St., San Francisco, CA 94105', '2025-04-16 14:45:00', 'current'),
    (29, 'Carol', 'Nelson', 'cnelson@gmail.com', '612-901-2345', '567 Lake Dr., Minneapolis, MN 55401', '2025-04-17 11:55:00', 'current'),
    (30, 'Steven', 'Carter', 'scarter@gmail.com', '313-012-3456', '890 Motor City Dr., Detroit, MI 48226', '2025-04-18 16:05:00', 'current'),
    (31, 'Laura', 'Mitchell', 'lmitchell@gmail.com', '801-234-5678', '123 Temple Square, Salt Lake City, UT 84150', '2025-04-19 09:15:00', 'current'),
    (32, 'Ronald', 'Perez', 'rperez@gmail.com', '619-345-6789', '456 Harbor Dr., San Diego, CA 92101', '2025-04-20 13:25:00', 'current'),
    (33, 'Amanda', 'Roberts', 'aroberts@gmail.com', '214-456-7890', '789 Cowboys Way, Dallas, TX 75201', '2025-04-21 10:35:00', 'current'),
    (34, 'Kevin', 'Turner', 'kturner@gmail.com', '305-567-8901', '234 Ocean View, Miami Beach, FL 33139', '2025-04-22 15:45:00', 'current'),
    (35, 'Melissa', 'Phillips', 'mphillips@gmail.com', '202-678-9012', '567 Capitol Hill, Washington, DC 20001', '2025-04-23 12:55:00', 'current'),
    (36, 'Timothy', 'Campbell', 'tcampbell@gmail.com', '615-789-0123', '890 Country Lane, Nashville, TN 37203', '2025-04-24 14:05:00', 'current'),
    (37, 'Deborah', 'Parker', 'dparker@gmail.com', '503-890-1234', '123 Rose Garden, Portland, OR 97205', '2025-04-25 11:15:00', 'current'),
    (38, 'Jeffrey', 'Evans', 'jevans@gmail.com', '702-901-2345', '456 Strip View, Las Vegas, NV 89109', '2025-04-26 16:25:00', 'current'),
    (39, 'Sharon', 'Edwards', 'sedwards@gmail.com', '312-012-3456', '789 Miracle Mile, Chicago, IL 60601', '2025-04-27 09:35:00', 'current'),
    (40, 'Gregory', 'Collins', 'gcollins@gmail.com', '206-123-4567', '234 Space Needle Way, Seattle, WA 98101', '2025-04-28 13:45:00', 'current'),
    (41, 'Nicole', 'Stewart', 'nstewart@gmail.com', '404-234-5678', '567 Coca Cola Pl., Atlanta, GA 30313', '2025-04-29 10:55:00', 'current'),
    (42, 'Benjamin', 'Morris', 'bmorris@gmail.com', '617-345-6789', '890 Harvard Yard, Cambridge, MA 02138', '2025-04-30 15:05:00', 'current'),
    (43, 'Katherine', 'Rogers', 'krogers@gmail.com', '512-456-7890', '123 State Capitol, Austin, TX 78701', '2025-05-01 12:15:00', 'current'),
    (44, 'Samuel', 'Reed', 'sreed@gmail.com', '415-567-8901', '456 Golden Gate, San Francisco, CA 94102', '2025-05-02 14:25:00', 'current'),
    (45, 'Christine', 'Cook', 'ccook@gmail.com', '305-678-9012', '789 South Beach, Miami, FL 33139', '2025-05-03 11:35:00', 'current'),
    (46, 'Raymond', 'Morgan', 'rmorgan@gmail.com', '212-789-0123', '234 Wall Street, New York, NY 10005', '2025-05-04 16:45:00', 'current'),
    (47, 'Catherine', 'Bell', 'cbell@gmail.com', '303-890-1234', '567 Rocky Mountain, Denver, CO 80202', '2025-05-05 09:55:00', 'current'),
    (48, 'Henry', 'Murphy', 'hmurphy@gmail.com', '504-901-2345', '890 French Quarter, New Orleans, LA 70116', '2025-05-06 13:05:00', 'current'),
    (49, 'Victoria', 'Bailey', 'vbailey@gmail.com', '206-012-3456', '123 Pioneer Square, Seattle, WA 98104', '2025-05-07 10:15:00', 'current'),
    (50, 'Peter', 'Rivera', 'privera@gmail.com', '713-123-4567', '456 Gulf View, Houston, TX 77002', '2025-05-08 15:25:00', 'current'),
    (51, 'Diana', 'Cooper', 'dcooper@gmail.com', '312-234-5678', '789 Magnificent Mile, Chicago, IL 60611', '2025-05-09 12:35:00', 'current'),
    (52, 'Frank', 'Richardson', 'frichardson@gmail.com', '702-345-6789', '234 Paradise Rd., Las Vegas, NV 89109', '2025-05-10 14:45:00', 'current'),
    (53, 'Julia', 'Cox', 'jcox@gmail.com', '404-456-7890', '567 MLK Drive, Atlanta, GA 30312', '2025-05-11 11:55:00', 'current'),
    (54, 'Stephen', 'Howard', 'showard@gmail.com', '215-567-8901', '890 Independence Mall, Philadelphia, PA 19106', '2025-05-12 16:05:00', 'current'),
    (55, 'Rachel', 'Ward', 'rward@gmail.com', '617-678-9012', '123 Fenway Park, Boston, MA 02215', '2025-05-13 09:15:00', 'current'),
    (56, 'Jack', 'Torres', 'jtorres@gmail.com', '305-789-0123', '456 Coral Way, Miami, FL 33145', '2025-05-14 13:25:00', 'current'),
    (57, 'Shirley', 'Peterson', 'speterson@gmail.com', '503-890-1234', '789 Pearl District, Portland, OR 97209', '2025-05-15 10:35:00', 'current'),
    (58, 'Dennis', 'Gray', 'dgray@gmail.com', '415-901-2345', '234 Fishermans Wharf, San Francisco, CA 94133', '2025-05-16 15:45:00', 'current'),
    (59, 'Amy', 'Ramirez', 'aramirez@gmail.com', '512-012-3456', '567 Congress Ave., Austin, TX 78701', '2025-05-17 12:55:00', 'current'),
    (60, 'Jerry', 'James', 'jjames@gmail.com', '206-123-4567', '890 First Hill, Seattle, WA 98104', '2025-05-18 14:05:00', 'current');
    

-- Insert data into campaign table
INSERT INTO campaign (id, campaignname, startdate, enddate, campaigntype, targetamount) VALUES
    (1, 'Donor Outreach - April', '2025-04-01 20:53:00', '2025-05-01 12:00:00', 'outreach', 50000.00),
    (2, 'Peer-to-Peer Fundraising - Jan', '2025-01-01 12:00:00', '2025-05-01 12:00:00', 'peer-to-peer', 150000.00),
    (3, 'Crowd Funding - April', '2025-04-01 12:00:00', '2025-08-01 12:00:00', 'crowd', 250000.00),
    (4, 'Capital Campaign - May', '2025-05-01 12:00:00', '2025-09-01 12:00:00', 'capital', 1250000.00),
    (5, 'Matching Gifts - June', '2025-06-01 12:00:00', '2025-11-01 12:00:00', 'matching', 650000.00),
    (6, 'Summer Fundraiser', '2025-06-15 12:00:00', '2025-08-15 12:00:00', 'seasonal', 75000.00),
    (7, 'Back to School Drive', '2025-08-01 12:00:00', '2025-09-15 12:00:00', 'education', 100000.00),
    (8, 'Holiday Giving', '2025-11-15 12:00:00', '2025-12-31 12:00:00', 'seasonal', 200000.00),
    (9, 'Emergency Relief Fund', '2025-07-01 12:00:00', '2025-12-31 12:00:00', 'emergency', 500000.00),
    (10, 'Technology Initiative', '2025-09-01 12:00:00', '2025-11-30 12:00:00', 'special', 300000.00),
    (11, 'Youth Education Fund', '2025-10-01 12:00:00', '2025-12-31 12:00:00', 'education', 175000.00),
    (12, 'Community Health Initiative', '2025-08-15 12:00:00', '2025-11-15 12:00:00', 'healthcare', 425000.00),
    (13, 'Arts & Culture Program', '2025-07-01 12:00:00', '2025-10-31 12:00:00', 'cultural', 125000.00),
    (14, 'Environmental Conservation', '2025-09-01 12:00:00', '2025-12-01 12:00:00', 'environmental', 350000.00),
    (15, 'Veterans Support Project', '2025-11-01 12:00:00', '2026-02-01 12:00:00', 'special', 275000.00),
    (16, 'Winter Wellness Campaign', '2025-12-01 12:00:00', '2026-03-01 12:00:00', 'seasonal', 180000.00),
    (17, 'Digital Literacy Initiative', '2025-09-15 12:00:00', '2025-12-15 12:00:00', 'education', 225000.00),
    (18, 'Food Security Program', '2025-10-15 12:00:00', '2026-01-15 12:00:00', 'community', 295000.00),
    (19, 'Sports Youth Development', '2025-08-01 12:00:00', '2025-11-30 12:00:00', 'youth', 150000.00),
    (20, 'Senior Care Support', '2025-11-15 12:00:00', '2026-02-15 12:00:00', 'healthcare', 375000.00),
    (21, 'Library Enhancement Fund', '2025-09-01 12:00:00', '2025-12-31 12:00:00', 'education', 200000.00),
    (22, 'Mental Health Awareness', '2025-10-01 12:00:00', '2026-01-31 12:00:00', 'healthcare', 325000.00),
    (23, 'Homeless Shelter Support', '2025-11-01 12:00:00', '2026-02-28 12:00:00', 'community', 450000.00),
    (24, 'STEM Education Program', '2025-08-15 12:00:00', '2025-12-15 12:00:00', 'education', 275000.00),
    (25, 'Wildlife Conservation', '2025-09-15 12:00:00', '2026-01-15 12:00:00', 'environmental', 315000.00);

-- Insert data into datekey table
INSERT INTO datekey (id, day, month, year, quarter, isholiday) VALUES
    (1, 1, 4, 2025, 1, FALSE),
    (2, 1, 1, 2025, 1, TRUE),
    (3, 3, 4, 2025, 1, FALSE),
    (4, 4, 5, 2025, 2, FALSE),
    (5, 6, 6, 2025, 1, FALSE),
    (6, 15, 6, 2025, 2, FALSE),
    (7, 1, 8, 2025, 3, FALSE),
    (8, 15, 11, 2025, 4, FALSE),
    (9, 1, 7, 2025, 3, FALSE),
    (10, 1, 9, 2025, 3, FALSE),
    (11, 15, 8, 2025, 3, FALSE),
    (12, 25, 12, 2025, 4, TRUE),  -- Christmas
    (13, 4, 7, 2025, 3, TRUE),    -- Independence Day
    (14, 31, 10, 2025, 4, TRUE),  -- Halloween
    (15, 28, 11, 2025, 4, TRUE),  -- Thanksgiving
    (16, 14, 2, 2025, 1, TRUE),   -- Valentine's Day
    (17, 17, 3, 2025, 1, TRUE),   -- St. Patrick's Day
    (18, 5, 5, 2025, 2, TRUE),    -- Cinco de Mayo
    (19, 31, 12, 2025, 4, TRUE),  -- New Year's Eve
    (20, 30, 5, 2025, 2, TRUE),   -- Memorial Day
    (21, 19, 6, 2025, 2, FALSE),
    (22, 22, 7, 2025, 3, FALSE),
    (23, 8, 8, 2025, 3, FALSE),
    (24, 12, 9, 2025, 3, FALSE),
    (25, 3, 10, 2025, 4, FALSE),
    (26, 7, 11, 2025, 4, FALSE),
    (27, 21, 12, 2025, 4, FALSE),
    (28, 15, 1, 2025, 1, FALSE),
    (29, 28, 2, 2025, 1, FALSE),
    (30, 10, 3, 2025, 1, FALSE);

-- Insert data into event table
INSERT INTO event (id, eventname, eventdate, eventlocation, eventtype) VALUES
    (1, 'April Donor Outreach', '2025-04-01 20:53:00', 'New York', 'donor outreach'),
    (2, 'January Peer-to-Peer Fundraising', '2025-01-01 12:00:00', 'Austin', 'fundraising'),
    (3, 'April Crowd Funding', '2025-04-01 20:53:00', 'Santa Fe', 'crowd funding'),
    (4, 'May Capital Drive', '2025-05-01 12:00:00', 'Las Vegas', 'capital'),
    (5, 'June Matching Gifts', '2025-06-01 12:00:00', 'Seattle', 'matching gift'),
    (6, 'Summer Charity Gala', '2025-06-15 18:00:00', 'Chicago', 'fundraising'),
    (7, 'Back to School Drive', '2025-08-01 10:00:00', 'Boston', 'community outreach'),
    (8, 'Tech Innovation Summit', '2025-09-15 09:00:00', 'San Francisco', 'conference'),
    (9, 'Holiday Giving Drive', '2025-11-15 17:00:00', 'Denver', 'seasonal'),
    (10, 'Emergency Relief Benefit', '2025-07-01 19:00:00', 'Miami', 'emergency response'),
    (11, 'Arts & Culture Festival', '2025-07-15 11:00:00', 'Portland', 'cultural'),
    (12, 'Healthcare Initiative Launch', '2025-08-15 14:00:00', 'Houston', 'healthcare'),
    (13, 'Environmental Awareness Day', '2025-09-01 10:00:00', 'Seattle', 'environmental'),
    (14, 'Veterans Support Dinner', '2025-11-11 18:30:00', 'Washington DC', 'community support'),
    (15, 'Youth Education Forum', '2025-10-01 09:00:00', 'Philadelphia', 'education'),
    (16, 'Winter Wellness Fair', '2025-12-01 10:00:00', 'Minneapolis', 'healthcare'),
    (17, 'Digital Literacy Workshop', '2025-09-20 13:00:00', 'Atlanta', 'education'),
    (18, 'Community Food Drive', '2025-10-15 12:00:00', 'Phoenix', 'community outreach'),
    (19, 'Sports Development Fundraiser', '2025-08-05 16:00:00', 'Dallas', 'sports'),
    (20, 'Senior Care Initiative', '2025-11-20 14:00:00', 'San Diego', 'healthcare'),
    (21, 'Library Fundraising Night', '2025-09-10 18:00:00', 'Detroit', 'education'),
    (22, 'Mental Health Awareness Walk', '2025-10-05 08:00:00', 'Austin', 'healthcare'),
    (23, 'Homeless Shelter Benefit', '2025-11-05 19:00:00', 'Nashville', 'community support'),
    (24, 'STEM Education Conference', '2025-08-20 09:00:00', 'Raleigh', 'education'),
    (25, 'Wildlife Conservation Gala', '2025-09-25 18:30:00', 'Salt Lake City', 'environmental');
    

-- Insert data into paymentmethod table
INSERT INTO paymentmethod (id, paymentmethodname) VALUES
    (1, 'credit card'),
    (2, 'check'),
    (3, 'wire'),
    (4, 'cash'),
    (5, 'in-kind');

-- Insert data into donation table
INSERT INTO dimdonation (id, donationamount, donor, campaign, datekey, paymentmethod, event) VALUES
    (1, 10000.00, 1, 1, 2, 1, 1),
    (2, 100000.00, 2, 3, 3, 1, 2),
    (3, 45000.00, 3, 4, 5, 2, 3),
    (4, 1500000.00, 5, 2, 2, 5, 4),
    (5, 1000.00, 4, 1, 4, 1, 5),
    (6, 100750.00, 5, 1, 2, 3, 1),
    (7, 5000.00, 4, 1, 3, 2, 2),
    (8, 99000.00, 3, 1, 5, 4, 3),
    (9, 500.00, 2, 1, 1, 4, 4),
    (10, 900.00, 1, 1, 4, 1, 5),
    (11, 25000.00, 6, 6, 6, 1, 1),
    (12, 50000.00, 7, 7, 7, 2, 2),
    (13, 15000.00, 8, 8, 8, 1, 3),
    (14, 75000.00, 9, 9, 9, 3, 4),
    (15, 30000.00, 10, 10, 10, 1, 5),
    (16, 5000.00, 6, 8, 8, 4, 1),
    (17, 10000.00, 7, 9, 9, 1, 2),
    (18, 20000.00, 8, 6, 6, 2, 3),
    (19, 45000.00, 9, 7, 7, 3, 4),
    (20, 12500.00, 10, 8, 8, 1, 5),
    (21, 15000.00, 1, 6, 6, 1, 1),
    (22, 35000.00, 2, 7, 7, 2, 2),
    (23, 8500.00, 3, 8, 8, 1, 3),
    (24, 62000.00, 4, 9, 9, 3, 4),
    (25, 27500.00, 5, 10, 10, 1, 5),
    (26, 4500.00, 6, 7, 7, 4, 1),
    (27, 12500.00, 7, 8, 8, 1, 2),
    (28, 18000.00, 8, 9, 9, 2, 3),
    (29, 42000.00, 9, 6, 6, 3, 4),
    (30, 9500.00, 10, 7, 7, 1, 5),
    (31, 22000.00, 1, 8, 8, 2, 1),
    (32, 7500.00, 2, 9, 9, 1, 2),
    (33, 31000.00, 3, 10, 10, 3, 3),
    (34, 16500.00, 4, 6, 6, 1, 4),
    (35, 45000.00, 5, 7, 7, 2, 5),
    (36, 13500.00, 6, 8, 8, 1, 1),
    (37, 28000.00, 7, 9, 9, 3, 2),
    (38, 6500.00, 8, 10, 10, 4, 3),
    (39, 19500.00, 9, 6, 6, 1, 4),
    (40, 33000.00, 10, 7, 7, 2, 5),
    (41, 27500.00, 11, 11, 11, 1, 11),
    (42, 42000.00, 12, 12, 12, 2, 12),
    (43, 15500.00, 13, 13, 13, 3, 13),
    (44, 68000.00, 14, 14, 14, 1, 14),
    (45, 23500.00, 15, 15, 15, 2, 15),
    (46, 37000.00, 16, 16, 16, 1, 16),
    (47, 8900.00, 17, 17, 17, 4, 17),
    (48, 52000.00, 18, 18, 18, 3, 18),
    (49, 19500.00, 19, 19, 19, 1, 19),
    (50, 44000.00, 20, 20, 20, 2, 20),
    (51, 12500.00, 21, 21, 21, 1, 21),
    (52, 31000.00, 22, 22, 22, 3, 22),
    (53, 7500.00, 23, 23, 23, 4, 23),
    (54, 48000.00, 24, 24, 24, 2, 24),
    (55, 16500.00, 25, 25, 25, 1, 25),
    (56, 29000.00, 26, 11, 26, 2, 11),
    (57, 13500.00, 27, 12, 27, 1, 12),
    (58, 55000.00, 28, 13, 28, 3, 13),
    (59, 21000.00, 29, 14, 29, 1, 14),
    (60, 39500.00, 30, 15, 30, 2, 15),
    (61, 17500.00, 31, 16, 21, 1, 16),
    (62, 45000.00, 32, 17, 22, 2, 17),
    (63, 9500.00, 33, 18, 23, 4, 18),
    (64, 33000.00, 34, 19, 24, 3, 19),
    (65, 25500.00, 35, 20, 25, 1, 20),
    (66, 41000.00, 36, 21, 26, 2, 21),
    (67, 14500.00, 37, 22, 27, 1, 22),
    (68, 58000.00, 38, 23, 28, 3, 23),
    (69, 22500.00, 39, 24, 29, 1, 24),
    (70, 36500.00, 40, 25, 30, 2, 25),
    (71, 11500.00, 41, 11, 11, 4, 11),
    (72, 47000.00, 42, 12, 12, 2, 12),
    (73, 18500.00, 43, 13, 13, 1, 13),
    (74, 34500.00, 44, 14, 14, 3, 14),
    (75, 26500.00, 45, 15, 15, 1, 15),
    (76, 43000.00, 46, 16, 16, 2, 16),
    (77, 15500.00, 47, 17, 17, 1, 17),
    (78, 51000.00, 48, 18, 18, 3, 18),
    (79, 24500.00, 49, 19, 19, 1, 19),
    (80, 38500.00, 50, 20, 20, 2, 20),
    (81, 13500.00, 51, 21, 21, 4, 21),
    (82, 49000.00, 52, 22, 22, 2, 22),
    (83, 20500.00, 53, 23, 23, 1, 23),
    (84, 35500.00, 54, 24, 24, 3, 24),
    (85, 28500.00, 55, 25, 25, 1, 25),
    (86, 44500.00, 56, 11, 26, 2, 11),
    (87, 16500.00, 57, 12, 27, 1, 12),
    (88, 53000.00, 58, 13, 28, 3, 13),
    (89, 23500.00, 59, 14, 29, 1, 14),
    (90, 37500.00, 60, 15, 30, 2, 15);